http://www.juntadeandalucia.es/medioambiente/mapwms/REDIAM_Ortofoto_Andalucia_1956?,ortofoto_1956,1956_57_rediam
http://www.juntadeandalucia.es/medioambiente/mapwms/REDIAM_Ortofoto_BN_1977_83,orto_BN_77_83,1977_83_rediam
http://www.juntadeandalucia.es/medioambiente/mapwms/REDIAM_Ortofoto_PAN_Andalucia_84_85,orto_1984_85,1984_85_rediam
http://www.juntadeandalucia.es/medioambiente/mapwms/REDIAM_Ortofoto_PAN_Sig_Oleicola_1997_98?,orto_sig_oleicola_97_98,1997_1998_rediam
http://www.ideandalucia.es/wms/ortofoto1998,ortofoto1998,1998_ieca
http://www.ideandalucia.es/wms/ortofoto2001,ORTO_2001,2001_2003_ieca
http://www.ideandalucia.es/wms/ortofoto2004,ORTO_2004,2004_ieca
http://www.ign.es/wms/pnoa-historico,PNOA2004,2004_pnoa
http://www.ign.es/wms/pnoa-historico,PNOA2005,2005_pnoa
http://www.ign.es/wms/pnoa-historico,PNOA2006,2006_pnoa
http://www.ideandalucia.es/wms/ortofoto2007,ORTO_2007,2007_ieca
http://www.ign.es/wms/pnoa-historico,PNOA2007,2007_pnoa
http://www.ign.es/wms/pnoa-historico,PNOA2008,2008_pnoa
http://www.ideandalucia.es/wms/ortofoto2009,Oca10_2008-09,2009_ieca
http://www.ign.es/wms/pnoa-historico,PNOA2009,2009_pnoa
http://www.ideandalucia.es/wms/ortofoto2010,OCA10_2010,2010_ieca
http://www.ign.es/wms/pnoa-historico,PNOA2010,2010_pnoa
http://www.ign.es/wms/pnoa-historico,PNOA2011,2011_pnoa
http://www.ign.es/wms/pnoa-historico,PNOA2012,2012_pnoa
http://www.ign.es/wms/pnoa-historico,PNOA2013,2013_pnoa
http://www.ign.es/wms/pnoa-historico,PNOA2014,2014_pnoa
